Nombre de la asignatura;Curso;Día;Tramo
Bases de Datos;1º DAM;1;3
Bases de Datos;1º DAM;1;4
Bases de Datos;1º DAM;2;5
Bases de Datos;1º DAM;2;6
Bases de Datos;1º DAM;4;3
Bases de Datos;1º DAM;4;4
Entornos de Desarrollo;1º DAM;2;2
Entornos de Desarrollo;1º DAM;2;3
Entornos de Desarrollo;1º DAM;2;4
Formación y Orientación Laboral;1º DAM;2;1
Formación y Orientación Laboral;1º DAM;5;1
Formación y Orientación Laboral;1º DAM;5;2
FOP;1º DAM;1;5
Lenguajes de Marcas y Sistemas de Gestión de la Información;1º DAM;3;3
Lenguajes de Marcas y Sistemas de Gestión de la Información;1º DAM;5;5
Lenguajes de Marcas y Sistemas de Gestión de la Información;1º DAM;3;4
Lenguajes de Marcas y Sistemas de Gestión de la Información;1º DAM;5;6
Programación;1º DAM;1;1
Programación;1º DAM;1;2
Programación;1º DAM;3;5
Programación;1º DAM;3;6
Programación;1º DAM;4;1
Programación;1º DAM;4;2
Programación;1º DAM;5;3
Programación;1º DAM;5;4
Sistemas Informáticos;1º DAM;1;6
Sistemas Informáticos;1º DAM;3;1
Sistemas Informáticos;1º DAM;3;2
Sistemas Informáticos;1º DAM;4;5
Sistemas Informáticos;1º DAM;4;6
Acceso a Datos;2º DAM;1;1
Acceso a Datos;2º DAM;5;1
Acceso a Datos;2º DAM;4;3
Acceso a Datos;2º DAM;3;6
Desarrollo de Interfaces;2º DAM;1;4
Desarrollo de Interfaces;2º DAM;1;5
Desarrollo de Interfaces;2º DAM;2;2
Desarrollo de Interfaces;2º DAM;2;3
Desarrollo de Interfaces;2º DAM;3;1
Desarrollo de Interfaces;2º DAM;4;6
Desarrollo de Interfaces;2º DAM;5;4
Empresa e Iniciativa Emprendedora;2º DAM;1;6
Empresa e Iniciativa Emprendedora;2º DAM;2;4
Empresa e Iniciativa Emprendedora;2º DAM;3;4
Empresa e Iniciativa Emprendedora;2º DAM;5;5
FOP;2º DAM;4;2
Inglés;2º DAM;2;5
Inglés;2º DAM;3;3
Inglés;2º DAM;4;4
Programación de Servicios y Procesos;2º DAM;2;1
Programación de Servicios y Procesos;2º DAM;3;2
Programación de Servicios y Procesos;2º DAM;5;3
Programación Multimedia y Dispositivos Móviles;2º DAM;1;2
Programación Multimedia y Dispositivos Móviles;2º DAM;2;6
Programación Multimedia y Dispositivos Móviles;2º DAM;4;5
Programación Multimedia y Dispositivos Móviles;2º DAM;5;6
Sistemas de Gestión Empresarial;2º DAM;1;3
Sistemas de Gestión Empresarial;2º DAM;3;5
Sistemas de Gestión Empresarial;2º DAM;4;1
Sistemas de Gestión Empresarial;2º DAM;5;2